Type,Name,Request Count,Failure Count,Median Response Time,Average Response Time,Min Response Time,Max Response Time,Average Content Size,Requests/s,Failures/s,50%,66%,75%,80%,90%,95%,98%,99%,99.9%,99.99%,100%
GET,/,862,0,5,6.548639270476997,2.1717920317314565,32.9451669822447,18223.0,45.280990743540585,0.0,5,7,8,9,12,15,21,24,33,33,33
GET,/readyz,265,0,3,4.421006147925444,1.2959159794263542,27.350582997314632,39.0,13.920490193779878,0.0,3,4,5,6,9,12,16,19,27,27,27
,Aggregated,1127,0,5,6.048352866327785,1.2959159794263542,32.9451669822447,13947.259094942325,59.20148093732047,0.0,5,6,7,8,12,15,20,24,31,33,33
